Run,ReleaseDate,LoadDate,spots,bases,spots_with_mates,avgLength,size_MB,AssemblyName,download_path,Experiment,LibraryName,LibraryStrategy,LibrarySelection,LibrarySource,LibraryLayout,InsertSize,InsertDev,Platform,Model,SRAStudy,BioProject,Study_Pubmed_id,ProjectID,Sample,BioSample,SampleType,TaxID,ScientificName,SampleName,g1k_pop_code,source,g1k_analysis_group,Subject_ID,Sex,Disease,Tumor,Affection_Status,Analyte_Type,Histological_Type,Body_Site,CenterName,Submission,dbgap_study_accession,Consent,RunHash,ReadHash
SRR11782803,2022-04-05 08:55:14,2020-05-13 09:05:40,30876993,9263097900,30876993,300,3491,,https://sra-downloadb.be-md.ncbi.nlm.nih.gov/sos9/sra-pub-zq-922/SRR011/11782/SRR11782803/SRR11782803.lite.1,SRX8335255,,RNA-Seq,cDNA,TRANSCRIPTOMIC,PAIRED,0,0,ILLUMINA,HiSeq X Ten,SRP261393,PRJNA632473,3,632473,SRS6654253,SAMN14910461,simple,7227,Drosophila melanogaster,GSM4550729,,,,,,,no,,,,,GEO,SRA1074989,,public,47AFCE78BAECB96650A016EC06145DCA,16660A664576481EF376D3719935FCA2
SRR11782804,2022-04-05 08:55:14,2020-05-13 08:54:20,33027136,9908140800,33027136,300,3773,,https://sra-downloadb.be-md.ncbi.nlm.nih.gov/sos9/sra-pub-zq-922/SRR011/11782/SRR11782804/SRR11782804.lite.1,SRX8335256,,RNA-Seq,cDNA,TRANSCRIPTOMIC,PAIRED,0,0,ILLUMINA,HiSeq X Ten,SRP261393,PRJNA632473,3,632473,SRS6654254,SAMN14910460,simple,7227,Drosophila melanogaster,GSM4550730,,,,,,,no,,,,,GEO,SRA1074989,,public,B8EA3D3F77B262F09F02AFB653C13FFD,123309101DB9214D991265F4B737E7C6
SRR11782805,2022-04-05 08:55:14,2020-05-13 08:50:59,33579442,10073832600,33579442,300,3811,,https://sra-downloadb.be-md.ncbi.nlm.nih.gov/sos9/sra-pub-zq-922/SRR011/11782/SRR11782805/SRR11782805.lite.1,SRX8335257,,RNA-Seq,cDNA,TRANSCRIPTOMIC,PAIRED,0,0,ILLUMINA,HiSeq X Ten,SRP261393,PRJNA632473,3,632473,SRS6654255,SAMN14910459,simple,7227,Drosophila melanogaster,GSM4550731,,,,,,,no,,,,,GEO,SRA1074989,,public,0A06CD10B90D3A1C72625EDAE1834F36,6FE3ED7931EAD9E2D24516C4D59CABB8
SRR11782806,2022-04-05 08:55:14,2020-05-13 08:57:50,35144296,10543288800,35144296,300,3994,,https://sra-downloadb.be-md.ncbi.nlm.nih.gov/sos9/sra-pub-zq-922/SRR011/11782/SRR11782806/SRR11782806.lite.1,SRX8335258,,RNA-Seq,cDNA,TRANSCRIPTOMIC,PAIRED,0,0,ILLUMINA,HiSeq X Ten,SRP261393,PRJNA632473,3,632473,SRS6654256,SAMN14910458,simple,7227,Drosophila melanogaster,GSM4550732,,,,,,,no,,,,,GEO,SRA1074989,,public,EF4BBA9F6B43C5162E4228A5078304D3,21D3FE35496593163D3EE2FE23022F6F
SRR11782807,2022-04-05 08:55:14,2020-05-13 08:49:35,31252208,9375662400,31252208,300,3534,,https://sra-downloadb.be-md.ncbi.nlm.nih.gov/sos9/sra-pub-zq-922/SRR011/11782/SRR11782807/SRR11782807.lite.1,SRX8335259,,RNA-Seq,cDNA,TRANSCRIPTOMIC,PAIRED,0,0,ILLUMINA,HiSeq X Ten,SRP261393,PRJNA632473,3,632473,SRS6654257,SAMN14910457,simple,7227,Drosophila melanogaster,GSM4550733,,,,,,,no,,,,,GEO,SRA1074989,,public,029793D82CAE880A648D227EFBBDD396,1F82E2840412E3DCE7A224F120BC2126
SRR11782808,2022-04-05 08:55:14,2020-05-13 08:51:43,32364626,9709387800,32364626,300,3692,,https://sra-downloadb.be-md.ncbi.nlm.nih.gov/sos9/sra-pub-zq-922/SRR011/11782/SRR11782808/SRR11782808.lite.1,SRX8335260,,RNA-Seq,cDNA,TRANSCRIPTOMIC,PAIRED,0,0,ILLUMINA,HiSeq X Ten,SRP261393,PRJNA632473,3,632473,SRS6654258,SAMN14910456,simple,7227,Drosophila melanogaster,GSM4550734,,,,,,,no,,,,,GEO,SRA1074989,,public,F3B6000DA59F7BF0B223C868C513F583,9B05A11F63C5A5357E57B1BCC90B4282
SRR11782809,2022-04-05 08:55:14,2020-05-13 08:54:26,35605313,10681593900,35605313,300,4101,,https://sra-downloadb.be-md.ncbi.nlm.nih.gov/sos9/sra-pub-zq-922/SRR011/11782/SRR11782809/SRR11782809.lite.1,SRX8335261,,RNA-Seq,cDNA,TRANSCRIPTOMIC,PAIRED,0,0,ILLUMINA,HiSeq X Ten,SRP261393,PRJNA632473,3,632473,SRS6654259,SAMN14910455,simple,7227,Drosophila melanogaster,GSM4550735,,,,,,,no,,,,,GEO,SRA1074989,,public,680B010DF8E146CC85EFF9438F8E28E1,E95B6262B39F5B55DBAC105174F70D51
SRR11782810,2022-04-05 08:55:15,2020-05-13 08:48:26,34784369,10435310700,34784369,300,3968,,https://sra-downloadb.be-md.ncbi.nlm.nih.gov/sos9/sra-pub-zq-922/SRR011/11782/SRR11782810/SRR11782810.lite.1,SRX8335262,,RNA-Seq,cDNA,TRANSCRIPTOMIC,PAIRED,0,0,ILLUMINA,HiSeq X Ten,SRP261393,PRJNA632473,3,632473,SRS6654260,SAMN14910449,simple,7227,Drosophila melanogaster,GSM4550736,,,,,,,no,,,,,GEO,SRA1074989,,public,05EE360F9E18D8C8A0E7EC3A7451E3B5,C42B9DFA9B86F5C19DC16908C911C321
SRR11782811,2022-04-05 08:55:15,2020-05-13 08:57:05,38503699,11551109700,38503699,300,4434,,https://sra-downloadb.be-md.ncbi.nlm.nih.gov/sos9/sra-pub-zq-922/SRR011/11782/SRR11782811/SRR11782811.lite.1,SRX8335263,,RNA-Seq,cDNA,TRANSCRIPTOMIC,PAIRED,0,0,ILLUMINA,HiSeq X Ten,SRP261393,PRJNA632473,3,632473,SRS6654261,SAMN14910448,simple,7227,Drosophila melanogaster,GSM4550737,,,,,,,no,,,,,GEO,SRA1074989,,public,EAE005B67842EE9CA34651000E00EE88,F3DBD0A8C49747EB9A002DAB1688B25F
SRR11782812,2022-04-05 08:55:15,2020-05-13 08:49:20,33271815,9981544500,33271815,300,3753,,https://sra-downloadb.be-md.ncbi.nlm.nih.gov/sos9/sra-pub-zq-922/SRR011/11782/SRR11782812/SRR11782812.lite.1,SRX8335264,,RNA-Seq,cDNA,TRANSCRIPTOMIC,PAIRED,0,0,ILLUMINA,HiSeq X Ten,SRP261393,PRJNA632473,3,632473,SRS6654262,SAMN14910488,simple,7227,Drosophila melanogaster,GSM4550738,,,,,,,no,,,,,GEO,SRA1074989,,public,7AA31F5CCC6D3E8A328C2EC676B5F7C3,837828DD5E88621A137797B223BCA652
SRR11782813,2022-04-05 08:55:15,2020-05-13 08:49:22,32343966,9703189800,32343966,300,3739,,https://sra-downloadb.be-md.ncbi.nlm.nih.gov/sos9/sra-pub-zq-922/SRR011/11782/SRR11782813/SRR11782813.lite.1,SRX8335265,,RNA-Seq,cDNA,TRANSCRIPTOMIC,PAIRED,0,0,ILLUMINA,HiSeq X Ten,SRP261393,PRJNA632473,3,632473,SRS6654263,SAMN14910454,simple,7227,Drosophila melanogaster,GSM4550739,,,,,,,no,,,,,GEO,SRA1074989,,public,7CC143CBFACFF6D5B8C3721E99012429,FCD3235CA7E06DEE3ECE28A7627539C5
SRR11782814,2022-04-05 08:55:15,2020-05-13 08:55:08,38037006,11411101800,38037006,300,4317,,https://sra-downloadb.be-md.ncbi.nlm.nih.gov/sos9/sra-pub-zq-922/SRR011/11782/SRR11782814/SRR11782814.lite.1,SRX8335266,,RNA-Seq,cDNA,TRANSCRIPTOMIC,PAIRED,0,0,ILLUMINA,HiSeq X Ten,SRP261393,PRJNA632473,3,632473,SRS6654264,SAMN14910453,simple,7227,Drosophila melanogaster,GSM4550740,,,,,,,no,,,,,GEO,SRA1074989,,public,A822750FFBB2A950C3C836E084C9A35A,5D252A2ECF91E991B7B254FC73943F8A
SRR11782815,2022-04-05 08:55:15,2020-05-13 08:50:42,32519822,9755946600,32519822,300,3559,,https://sra-downloadb.be-md.ncbi.nlm.nih.gov/sos9/sra-pub-zq-922/SRR011/11782/SRR11782815/SRR11782815.lite.1,SRX8335267,,RNA-Seq,cDNA,TRANSCRIPTOMIC,PAIRED,0,0,ILLUMINA,HiSeq X Ten,SRP261393,PRJNA632473,3,632473,SRS6654265,SAMN14910452,simple,7227,Drosophila melanogaster,GSM4550741,,,,,,,no,,,,,GEO,SRA1074989,,public,D328D172390B983360FCFD7B214A5364,57694C05EE7E43DCFCC66816DAB6FAAD
SRR11782816,2022-04-05 08:55:15,2020-05-13 08:55:41,30897073,9269121900,30897073,300,3406,,https://sra-downloadb.be-md.ncbi.nlm.nih.gov/sos9/sra-pub-zq-922/SRR011/11782/SRR11782816/SRR11782816.lite.1,SRX8335268,,RNA-Seq,cDNA,TRANSCRIPTOMIC,PAIRED,0,0,ILLUMINA,HiSeq X Ten,SRP261393,PRJNA632473,3,632473,SRS6654266,SAMN14910451,simple,7227,Drosophila melanogaster,GSM4550742,,,,,,,no,,,,,GEO,SRA1074989,,public,32FCD77B0D1393D0ADE6DD14F098DE84,44A8CAB1B74AC314879C211EFBAABA60
SRR11782817,2022-04-05 08:55:15,2020-05-13 08:57:44,37659298,11297789400,37659298,300,4198,,https://sra-downloadb.be-md.ncbi.nlm.nih.gov/sos9/sra-pub-zq-922/SRR011/11782/SRR11782817/SRR11782817.lite.1,SRX8335269,,RNA-Seq,cDNA,TRANSCRIPTOMIC,PAIRED,0,0,ILLUMINA,HiSeq X Ten,SRP261393,PRJNA632473,3,632473,SRS6654267,SAMN14910450,simple,7227,Drosophila melanogaster,GSM4550743,,,,,,,no,,,,,GEO,SRA1074989,,public,3EF57B4A24BA011F427DE9BE8BC3F0B6,F32B24EC1AE5ACDEC184734EEA61DCE4
SRR11782818,2022-04-05 08:55:15,2020-05-13 08:51:45,33656044,10096813200,33656044,300,3760,,https://sra-downloadb.be-md.ncbi.nlm.nih.gov/sos9/sra-pub-zq-922/SRR011/11782/SRR11782818/SRR11782818.lite.1,SRX8335270,,RNA-Seq,cDNA,TRANSCRIPTOMIC,PAIRED,0,0,ILLUMINA,HiSeq X Ten,SRP261393,PRJNA632473,3,632473,SRS6654268,SAMN14910487,simple,7227,Drosophila melanogaster,GSM4550744,,,,,,,no,,,,,GEO,SRA1074989,,public,0420DBB743C489FD8F6A7A42CAB83689,5F5CC4331BE34AA1C55AF529E885E788
SRR11782819,2022-04-05 08:55:15,2020-05-13 08:48:25,30981649,9294494700,30981649,300,3430,,https://sra-downloadb.be-md.ncbi.nlm.nih.gov/sos9/sra-pub-zq-922/SRR011/11782/SRR11782819/SRR11782819.lite.1,SRX8335271,,RNA-Seq,cDNA,TRANSCRIPTOMIC,PAIRED,0,0,ILLUMINA,HiSeq X Ten,SRP261393,PRJNA632473,3,632473,SRS6654269,SAMN14910486,simple,7227,Drosophila melanogaster,GSM4550745,,,,,,,no,,,,,GEO,SRA1074989,,public,8051CBB61D29DB04E6B440D1042486AC,D057083B4BB867342C12BE5312B02FDF
SRR11782820,2022-04-05 08:55:15,2020-05-13 08:56:09,33752476,10125742800,33752476,300,3720,,https://sra-downloadb.be-md.ncbi.nlm.nih.gov/sos9/sra-pub-zq-922/SRR011/11782/SRR11782820/SRR11782820.lite.1,SRX8335272,,RNA-Seq,cDNA,TRANSCRIPTOMIC,PAIRED,0,0,ILLUMINA,HiSeq X Ten,SRP261393,PRJNA632473,3,632473,SRS6654270,SAMN14910485,simple,7227,Drosophila melanogaster,GSM4550746,,,,,,,no,,,,,GEO,SRA1074989,,public,3B4E9E7F1FF3C2F13B48755CB20949DF,006AC8A3DFA987A6541A6788EC016196
SRR11782821,2022-04-05 08:55:15,2020-05-13 08:50:28,32353128,9705938400,32353128,300,3600,,https://sra-downloadb.be-md.ncbi.nlm.nih.gov/sos9/sra-pub-zq-922/SRR011/11782/SRR11782821/SRR11782821.lite.1,SRX8335273,,RNA-Seq,cDNA,TRANSCRIPTOMIC,PAIRED,0,0,ILLUMINA,HiSeq X Ten,SRP261393,PRJNA632473,3,632473,SRS6654271,SAMN14910484,simple,7227,Drosophila melanogaster,GSM4550747,,,,,,,no,,,,,GEO,SRA1074989,,public,56B91F5B5C20CC5B8FB1C8B18F01E50C,C6DAF6C6352C56659A52FD944C3DD444
SRR11782822,2022-04-05 08:55:15,2020-05-13 08:52:15,38712581,11613774300,38712581,300,4376,,https://sra-downloadb.be-md.ncbi.nlm.nih.gov/sos9/sra-pub-zq-922/SRR011/11782/SRR11782822/SRR11782822.lite.1,SRX8335274,,RNA-Seq,cDNA,TRANSCRIPTOMIC,PAIRED,0,0,ILLUMINA,HiSeq X Ten,SRP261393,PRJNA632473,3,632473,SRS6654272,SAMN14910483,simple,7227,Drosophila melanogaster,GSM4550748,,,,,,,no,,,,,GEO,SRA1074989,,public,A5A8CC0AD4B84D2D22F9EA15E7A0D5ED,54BD712B37E1967A1631D32EFB2C947E
SRR11782823,2022-04-05 08:55:15,2020-05-13 08:50:36,32456196,9736858800,32456196,300,3707,,https://sra-downloadb.be-md.ncbi.nlm.nih.gov/sos9/sra-pub-zq-922/SRR011/11782/SRR11782823/SRR11782823.lite.1,SRX8335275,,RNA-Seq,cDNA,TRANSCRIPTOMIC,PAIRED,0,0,ILLUMINA,HiSeq X Ten,SRP261393,PRJNA632473,3,632473,SRS6654273,SAMN14910482,simple,7227,Drosophila melanogaster,GSM4550749,,,,,,,no,,,,,GEO,SRA1074989,,public,C32331908F67B823FC1B04E5C4F05D61,8B3342172865868094DDC7A89C4103BB
SRR11782824,2022-04-05 08:55:15,2020-05-13 08:50:30,30156599,9046979700,30156599,300,3439,,https://sra-downloadb.be-md.ncbi.nlm.nih.gov/sos9/sra-pub-zq-922/SRR011/11782/SRR11782824/SRR11782824.lite.1,SRX8335276,,RNA-Seq,cDNA,TRANSCRIPTOMIC,PAIRED,0,0,ILLUMINA,HiSeq X Ten,SRP261393,PRJNA632473,3,632473,SRS6654274,SAMN14910481,simple,7227,Drosophila melanogaster,GSM4550750,,,,,,,no,,,,,GEO,SRA1074989,,public,2F57E2069F880F53D8381F0170842E11,9DB83091382E5CE04EFA3F4968481908
SRR11782825,2022-04-05 08:55:15,2020-05-13 08:52:23,37749899,11324969700,37749899,300,4341,,https://sra-downloadb.be-md.ncbi.nlm.nih.gov/sos9/sra-pub-zq-922/SRR011/11782/SRR11782825/SRR11782825.lite.1,SRX8335277,,RNA-Seq,cDNA,TRANSCRIPTOMIC,PAIRED,0,0,ILLUMINA,HiSeq X Ten,SRP261393,PRJNA632473,3,632473,SRS6654275,SAMN14910480,simple,7227,Drosophila melanogaster,GSM4550751,,,,,,,no,,,,,GEO,SRA1074989,,public,58E31FE6F5E2256E9693972CEBF07BA3,63B8DD1D1265A6B6F1713F43EDF1D1C7
SRR11782826,2022-04-05 08:55:15,2020-05-13 08:45:29,31133504,9340051200,31133504,300,3543,,https://sra-downloadb.be-md.ncbi.nlm.nih.gov/sos9/sra-pub-zq-922/SRR011/11782/SRR11782826/SRR11782826.lite.1,SRX8335278,,RNA-Seq,cDNA,TRANSCRIPTOMIC,PAIRED,0,0,ILLUMINA,HiSeq X Ten,SRP261393,PRJNA632473,3,632473,SRS6654276,SAMN14910479,simple,7227,Drosophila melanogaster,GSM4550752,,,,,,,no,,,,,GEO,SRA1074989,,public,0D964B97FE4791D4CDC514C0F75E0C35,B097B8F8278F3657D23098F3BF3A0E12
SRR11782827,2022-04-05 08:55:15,2020-05-13 08:48:30,32758364,9827509200,32758364,300,3760,,https://sra-downloadb.be-md.ncbi.nlm.nih.gov/sos9/sra-pub-zq-922/SRR011/11782/SRR11782827/SRR11782827.lite.1,SRX8335279,,RNA-Seq,cDNA,TRANSCRIPTOMIC,PAIRED,0,0,ILLUMINA,HiSeq X Ten,SRP261393,PRJNA632473,3,632473,SRS6654277,SAMN14910478,simple,7227,Drosophila melanogaster,GSM4550753,,,,,,,no,,,,,GEO,SRA1074989,,public,23C2BDF34FAAF368F99F81DB4D792015,0F8F72D6799E30C144DA4311ADB97652
SRR11782828,2022-04-05 08:55:15,2020-05-13 08:41:48,30015240,9004572000,30015240,300,3442,,https://sra-downloadb.be-md.ncbi.nlm.nih.gov/sos9/sra-pub-zq-922/SRR011/11782/SRR11782828/SRR11782828.lite.1,SRX8335280,,RNA-Seq,cDNA,TRANSCRIPTOMIC,PAIRED,0,0,ILLUMINA,HiSeq X Ten,SRP261393,PRJNA632473,3,632473,SRS6654278,SAMN14910477,simple,7227,Drosophila melanogaster,GSM4550754,,,,,,,no,,,,,GEO,SRA1074989,,public,7B6B9A6CAB600B39A6AC409718476A02,8E04ECAEF3DF42E6A2AB633DB43B3FD5
SRR11782829,2022-04-05 08:55:15,2020-05-13 08:48:54,32238053,9671415900,32238053,300,3764,,https://sra-downloadb.be-md.ncbi.nlm.nih.gov/sos9/sra-pub-zq-922/SRR011/11782/SRR11782829/SRR11782829.lite.1,SRX8335281,,RNA-Seq,cDNA,TRANSCRIPTOMIC,PAIRED,0,0,ILLUMINA,HiSeq X Ten,SRP261393,PRJNA632473,3,632473,SRS6654279,SAMN14910476,simple,7227,Drosophila melanogaster,GSM4550755,,,,,,,no,,,,,GEO,SRA1074989,,public,1B1B21524948FDC1E56CD2B6A34D71C2,AF8BC25905FB9C245B24FEE003CDA556
SRR11782830,2022-04-05 08:55:15,2020-05-13 08:57:05,34297598,10289279400,34297598,300,3904,,https://sra-downloadb.be-md.ncbi.nlm.nih.gov/sos9/sra-pub-zq-922/SRR011/11782/SRR11782830/SRR11782830.lite.1,SRX8335282,,RNA-Seq,cDNA,TRANSCRIPTOMIC,PAIRED,0,0,ILLUMINA,HiSeq X Ten,SRP261393,PRJNA632473,3,632473,SRS6654280,SAMN14910475,simple,7227,Drosophila melanogaster,GSM4550756,,,,,,,no,,,,,GEO,SRA1074989,,public,CBA81550A6F8913C12E959547631ED82,E927F6ED26C7BA3C2739F6AEEB5258EA
SRR11782831,2022-04-05 08:55:15,2020-05-13 08:58:00,35781539,10734461700,35781539,300,4095,,https://sra-downloadb.be-md.ncbi.nlm.nih.gov/sos9/sra-pub-zq-922/SRR011/11782/SRR11782831/SRR11782831.lite.1,SRX8335283,,RNA-Seq,cDNA,TRANSCRIPTOMIC,PAIRED,0,0,ILLUMINA,HiSeq X Ten,SRP261393,PRJNA632473,3,632473,SRS6654281,SAMN14910474,simple,7227,Drosophila melanogaster,GSM4550757,,,,,,,no,,,,,GEO,SRA1074989,,public,66E0204FD8715D63C309A551891CCE1A,1787849E0E6D0D0484CBD42DE8A935A5
SRR11782832,2022-04-05 08:55:15,2020-05-13 08:51:06,33270576,9981172800,33270576,300,3861,,https://sra-downloadb.be-md.ncbi.nlm.nih.gov/sos9/sra-pub-zq-922/SRR011/11782/SRR11782832/SRR11782832.lite.1,SRX8335284,,RNA-Seq,cDNA,TRANSCRIPTOMIC,PAIRED,0,0,ILLUMINA,HiSeq X Ten,SRP261393,PRJNA632473,3,632473,SRS6654282,SAMN14910473,simple,7227,Drosophila melanogaster,GSM4550758,,,,,,,no,,,,,GEO,SRA1074989,,public,875233324B00A4BED4773B85BA213060,E1E4D3D294A90E1043CEDE0D8EC825CD
SRR11782833,2022-04-05 08:55:15,2020-05-13 09:01:12,37170504,11151151200,37170504,300,4043,,https://sra-downloadb.be-md.ncbi.nlm.nih.gov/sos9/sra-pub-zq-922/SRR011/11782/SRR11782833/SRR11782833.lite.1,SRX8335285,,RNA-Seq,cDNA,TRANSCRIPTOMIC,PAIRED,0,0,ILLUMINA,HiSeq X Ten,SRP261393,PRJNA632473,3,632473,SRS6654283,SAMN14910472,simple,7227,Drosophila melanogaster,GSM4550759,,,,,,,no,,,,,GEO,SRA1074989,,public,E36E1AA71948C267B96D6F5767DD5ECC,5C62612EEEA0B5EE0135E0FA6251F3E8
SRR11782834,2022-04-05 08:55:15,2020-05-13 09:01:58,39727773,11918331900,39727773,300,4412,,https://sra-downloadb.be-md.ncbi.nlm.nih.gov/sos9/sra-pub-zq-922/SRR011/11782/SRR11782834/SRR11782834.lite.1,SRX8335286,,RNA-Seq,cDNA,TRANSCRIPTOMIC,PAIRED,0,0,ILLUMINA,HiSeq X Ten,SRP261393,PRJNA632473,3,632473,SRS6654284,SAMN14910471,simple,7227,Drosophila melanogaster,GSM4550760,,,,,,,no,,,,,GEO,SRA1074989,,public,4232A07A30EC732D39B82B6BC43D5297,87B10513BE84CBC291866A6B9B844BB0
SRR11782835,2022-04-05 08:55:15,2020-05-13 08:53:21,33965804,10189741200,33965804,300,3944,,https://sra-downloadb.be-md.ncbi.nlm.nih.gov/sos9/sra-pub-zq-922/SRR011/11782/SRR11782835/SRR11782835.lite.1,SRX8335287,,RNA-Seq,cDNA,TRANSCRIPTOMIC,PAIRED,0,0,ILLUMINA,HiSeq X Ten,SRP261393,PRJNA632473,3,632473,SRS6654285,SAMN14910470,simple,7227,Drosophila melanogaster,GSM4550761,,,,,,,no,,,,,GEO,SRA1074989,,public,0201793C7691A7E7F9E42084050711C9,4C2CE798D09EAF001782BA36E604CF9B
SRR11782836,2022-04-05 08:55:15,2020-05-13 08:45:47,40595981,12178794300,40595981,300,4421,,https://sra-downloadb.be-md.ncbi.nlm.nih.gov/sos9/sra-pub-zq-922/SRR011/11782/SRR11782836/SRR11782836.lite.1,SRX8335288,,RNA-Seq,cDNA,TRANSCRIPTOMIC,PAIRED,0,0,ILLUMINA,HiSeq X Ten,SRP261393,PRJNA632473,3,632473,SRS6654286,SAMN14910469,simple,7227,Drosophila melanogaster,GSM4550762,,,,,,,no,,,,,GEO,SRA1074989,,public,87AC1E062A595540FEE502746E1D1C8A,91C90D958CF42C262547F3C9C399923A
SRR11782837,2022-04-05 08:55:15,2020-05-13 08:57:16,37348103,11204430900,37348103,300,4453,,https://sra-downloadb.be-md.ncbi.nlm.nih.gov/sos9/sra-pub-zq-922/SRR011/11782/SRR11782837/SRR11782837.lite.1,SRX8335289,,RNA-Seq,cDNA,TRANSCRIPTOMIC,PAIRED,0,0,ILLUMINA,HiSeq X Ten,SRP261393,PRJNA632473,3,632473,SRS6654287,SAMN14910468,simple,7227,Drosophila melanogaster,GSM4550763,,,,,,,no,,,,,GEO,SRA1074989,,public,D78912CC9DBEBBB17FDF28A908ED6E3A,A2C882D8D5EA8E601C139ADDD5D32923
SRR11782838,2022-04-05 08:55:15,2020-05-13 08:56:13,36097259,10829177700,36097259,300,3965,,https://sra-downloadb.be-md.ncbi.nlm.nih.gov/sos9/sra-pub-zq-922/SRR011/11782/SRR11782838/SRR11782838.lite.1,SRX8335290,,RNA-Seq,cDNA,TRANSCRIPTOMIC,PAIRED,0,0,ILLUMINA,HiSeq X Ten,SRP261393,PRJNA632473,3,632473,SRS6654288,SAMN14910510,simple,7227,Drosophila melanogaster,GSM4550764,,,,,,,no,,,,,GEO,SRA1074989,,public,7E4F3F417DDE7962C38ED68D0179039D,5E77D53E5FE3FE78684863014F3F6F88
SRR11782839,2022-04-05 08:55:15,2020-05-13 08:46:22,30026950,9008085000,30026950,300,3488,,https://sra-downloadb.be-md.ncbi.nlm.nih.gov/sos9/sra-pub-zq-922/SRR011/11782/SRR11782839/SRR11782839.lite.1,SRX8335291,,RNA-Seq,cDNA,TRANSCRIPTOMIC,PAIRED,0,0,ILLUMINA,HiSeq X Ten,SRP261393,PRJNA632473,3,632473,SRS6654289,SAMN14910509,simple,7227,Drosophila melanogaster,GSM4550765,,,,,,,no,,,,,GEO,SRA1074989,,public,881F54FAA37D93AD50C2126788EA4D5F,91543BECABE57E733FE6EA1F99BD47C3
SRR11782840,2022-04-05 08:55:15,2020-05-13 08:48:46,34024887,10207466100,34024887,300,3940,,https://sra-downloadb.be-md.ncbi.nlm.nih.gov/sos9/sra-pub-zq-922/SRR011/11782/SRR11782840/SRR11782840.lite.1,SRX8335292,,RNA-Seq,cDNA,TRANSCRIPTOMIC,PAIRED,0,0,ILLUMINA,HiSeq X Ten,SRP261393,PRJNA632473,3,632473,SRS6654290,SAMN14910508,simple,7227,Drosophila melanogaster,GSM4550766,,,,,,,no,,,,,GEO,SRA1074989,,public,4A2FB0D311189257AA4EF106EBA96B17,5D610CEB8513E7834E6D3FA7E07143D7
SRR11782841,2022-04-05 08:55:15,2020-05-13 09:00:04,39566008,11869802400,39566008,300,4694,,https://sra-downloadb.be-md.ncbi.nlm.nih.gov/sos9/sra-pub-zq-922/SRR011/11782/SRR11782841/SRR11782841.lite.1,SRX8335293,,RNA-Seq,cDNA,TRANSCRIPTOMIC,PAIRED,0,0,ILLUMINA,HiSeq X Ten,SRP261393,PRJNA632473,3,632473,SRS6654291,SAMN14910507,simple,7227,Drosophila melanogaster,GSM4550767,,,,,,,no,,,,,GEO,SRA1074989,,public,BF33FC0894D941F9606BA2BBC2B9BF5A,E982432851800F91C3630E020C803CA7
SRR11782842,2022-04-05 08:55:15,2020-05-13 08:45:04,32207952,9662385600,32207952,300,3724,,https://sra-downloadb.be-md.ncbi.nlm.nih.gov/sos9/sra-pub-zq-922/SRR011/11782/SRR11782842/SRR11782842.lite.1,SRX8335294,,RNA-Seq,cDNA,TRANSCRIPTOMIC,PAIRED,0,0,ILLUMINA,HiSeq X Ten,SRP261393,PRJNA632473,3,632473,SRS6654292,SAMN14910506,simple,7227,Drosophila melanogaster,GSM4550768,,,,,,,no,,,,,GEO,SRA1074989,,public,C3C2BB267075773D37C88C76AF7F0D66,EFF82212E47E89BE39A795575C1F1824
SRR11782843,2022-04-05 08:55:15,2020-05-13 08:56:38,35198520,10559556000,35198520,300,4070,,https://sra-downloadb.be-md.ncbi.nlm.nih.gov/sos9/sra-pub-zq-922/SRR011/11782/SRR11782843/SRR11782843.lite.1,SRX8335295,,RNA-Seq,cDNA,TRANSCRIPTOMIC,PAIRED,0,0,ILLUMINA,HiSeq X Ten,SRP261393,PRJNA632473,3,632473,SRS6654293,SAMN14910505,simple,7227,Drosophila melanogaster,GSM4550769,,,,,,,no,,,,,GEO,SRA1074989,,public,EDF15A95A117309A6664F5958F54622D,A0DC5F748D59364E80076630D9005590
SRR11782844,2022-04-05 08:55:15,2020-05-13 08:48:46,35008863,10502658900,35008863,300,4027,,https://sra-downloadb.be-md.ncbi.nlm.nih.gov/sos9/sra-pub-zq-922/SRR011/11782/SRR11782844/SRR11782844.lite.1,SRX8335296,,RNA-Seq,cDNA,TRANSCRIPTOMIC,PAIRED,0,0,ILLUMINA,HiSeq X Ten,SRP261393,PRJNA632473,3,632473,SRS6654294,SAMN14910504,simple,7227,Drosophila melanogaster,GSM4550770,,,,,,,no,,,,,GEO,SRA1074989,,public,BC6EF9F9C2C8190E386D657F3A5EB651,5B281AD25A940253BE1689DFD1F6638F
SRR11782845,2022-04-05 08:55:15,2020-05-13 08:51:50,37584044,11275213200,37584044,300,4344,,https://sra-downloadb.be-md.ncbi.nlm.nih.gov/sos9/sra-pub-zq-922/SRR011/11782/SRR11782845/SRR11782845.lite.1,SRX8335297,,RNA-Seq,cDNA,TRANSCRIPTOMIC,PAIRED,0,0,ILLUMINA,HiSeq X Ten,SRP261393,PRJNA632473,3,632473,SRS6654295,SAMN14910503,simple,7227,Drosophila melanogaster,GSM4550771,,,,,,,no,,,,,GEO,SRA1074989,,public,BA12DB7B98353458614BDF79B523620F,070BD405F07567BF53AD02FF564A8F7E
SRR11782846,2022-04-05 08:55:15,2020-05-13 08:46:57,30729770,9218931000,30729770,300,3578,,https://sra-downloadb.be-md.ncbi.nlm.nih.gov/sos9/sra-pub-zq-922/SRR011/11782/SRR11782846/SRR11782846.lite.1,SRX8335298,,RNA-Seq,cDNA,TRANSCRIPTOMIC,PAIRED,0,0,ILLUMINA,HiSeq X Ten,SRP261393,PRJNA632473,3,632473,SRS6654296,SAMN14910502,simple,7227,Drosophila melanogaster,GSM4550772,,,,,,,no,,,,,GEO,SRA1074989,,public,41F790945C26CF1FE6B58F5284B14D35,EA7F717D38D50CD0199D733AD6C9479F
SRR11782847,2022-04-05 08:55:15,2020-05-13 08:51:04,32162295,9648688500,32162295,300,3489,,https://sra-downloadb.be-md.ncbi.nlm.nih.gov/sos9/sra-pub-zq-922/SRR011/11782/SRR11782847/SRR11782847.lite.1,SRX8335299,,RNA-Seq,cDNA,TRANSCRIPTOMIC,PAIRED,0,0,ILLUMINA,HiSeq X Ten,SRP261393,PRJNA632473,3,632473,SRS6654297,SAMN14910501,simple,7227,Drosophila melanogaster,GSM4550773,,,,,,,no,,,,,GEO,SRA1074989,,public,ED9E5F2502E3F70CAAFB363B5A50C69A,3AFDEE9DD73D23E296FA7DC61D2D24C9
SRR11782848,2022-04-05 08:55:15,2020-05-13 08:58:34,33343886,10003165800,33343886,300,3867,,https://sra-downloadb.be-md.ncbi.nlm.nih.gov/sos9/sra-pub-zq-922/SRR011/11782/SRR11782848/SRR11782848.lite.1,SRX8335300,,RNA-Seq,cDNA,TRANSCRIPTOMIC,PAIRED,0,0,ILLUMINA,HiSeq X Ten,SRP261393,PRJNA632473,3,632473,SRS6654298,SAMN14910500,simple,7227,Drosophila melanogaster,GSM4550774,,,,,,,no,,,,,GEO,SRA1074989,,public,7D361F72B8FE66AF6717A9C820718E78,CD8D8815A18B1728B516A1426ECBBC6C
SRR11782849,2022-04-05 08:55:15,2020-05-13 09:04:00,39648194,11894458200,39648194,300,4293,,https://sra-downloadb.be-md.ncbi.nlm.nih.gov/sos9/sra-pub-zq-922/SRR011/11782/SRR11782849/SRR11782849.lite.1,SRX8335301,,RNA-Seq,cDNA,TRANSCRIPTOMIC,PAIRED,0,0,ILLUMINA,HiSeq X Ten,SRP261393,PRJNA632473,3,632473,SRS6654299,SAMN14910499,simple,7227,Drosophila melanogaster,GSM4550775,,,,,,,no,,,,,GEO,SRA1074989,,public,AF39A8E355F2DA3CD03CBEA162875E1B,8FFC59F8D17D0ED64D4279CE441FB459
SRR11782850,2022-04-05 08:55:15,2020-05-13 08:59:01,39412541,11823762300,39412541,300,4536,,https://sra-downloadb.be-md.ncbi.nlm.nih.gov/sos9/sra-pub-zq-922/SRR011/11782/SRR11782850/SRR11782850.lite.1,SRX8335302,,RNA-Seq,cDNA,TRANSCRIPTOMIC,PAIRED,0,0,ILLUMINA,HiSeq X Ten,SRP261393,PRJNA632473,3,632473,SRS6654300,SAMN14910498,simple,7227,Drosophila melanogaster,GSM4550776,,,,,,,no,,,,,GEO,SRA1074989,,public,B40C0DEB337270BCCFEF6C3C02F73D8B,437CD8CEB9B67E802967EE9B3FC7D096
SRR11782851,2022-04-05 08:55:15,2020-05-13 08:50:17,36866585,11059975500,36866585,300,3992,,https://sra-downloadb.be-md.ncbi.nlm.nih.gov/sos9/sra-pub-zq-922/SRR011/11782/SRR11782851/SRR11782851.lite.1,SRX8335303,,RNA-Seq,cDNA,TRANSCRIPTOMIC,PAIRED,0,0,ILLUMINA,HiSeq X Ten,SRP261393,PRJNA632473,3,632473,SRS6654301,SAMN14910497,simple,7227,Drosophila melanogaster,GSM4550777,,,,,,,no,,,,,GEO,SRA1074989,,public,333A7095E666F7A01055BBEEB1E3B8B5,76EC5F6F5DA770C6EC27D838D18F77A9
SRR11782852,2022-04-05 08:55:15,2020-05-13 08:54:17,34583643,10375092900,34583643,300,3977,,https://sra-downloadb.be-md.ncbi.nlm.nih.gov/sos9/sra-pub-zq-922/SRR011/11782/SRR11782852/SRR11782852.lite.1,SRX8335304,,RNA-Seq,cDNA,TRANSCRIPTOMIC,PAIRED,0,0,ILLUMINA,HiSeq X Ten,SRP261393,PRJNA632473,3,632473,SRS6654302,SAMN14910496,simple,7227,Drosophila melanogaster,GSM4550778,,,,,,,no,,,,,GEO,SRA1074989,,public,5413D93041700E5CB91D8DBA152CE60B,01FB39026B77672F8E0FA595F9CE7AEC
SRR11782853,2022-04-05 08:55:15,2020-05-13 09:01:36,37110692,11133207600,37110692,300,4305,,https://sra-downloadb.be-md.ncbi.nlm.nih.gov/sos9/sra-pub-zq-922/SRR011/11782/SRR11782853/SRR11782853.lite.1,SRX8335305,,RNA-Seq,cDNA,TRANSCRIPTOMIC,PAIRED,0,0,ILLUMINA,HiSeq X Ten,SRP261393,PRJNA632473,3,632473,SRS6654303,SAMN14910495,simple,7227,Drosophila melanogaster,GSM4550779,,,,,,,no,,,,,GEO,SRA1074989,,public,4DABF7B5AF005622534A0FE837126BD3,0D978373126003EF8A3798F7C349C4AD
SRR11782854,2022-04-05 08:55:15,2020-05-13 08:57:42,38193418,11458025400,38193418,300,4169,,https://sra-downloadb.be-md.ncbi.nlm.nih.gov/sos9/sra-pub-zq-922/SRR011/11782/SRR11782854/SRR11782854.lite.1,SRX8335306,,RNA-Seq,cDNA,TRANSCRIPTOMIC,PAIRED,0,0,ILLUMINA,HiSeq X Ten,SRP261393,PRJNA632473,3,632473,SRS6654304,SAMN14910494,simple,7227,Drosophila melanogaster,GSM4550780,,,,,,,no,,,,,GEO,SRA1074989,,public,0915BE7BDF248BEF6E9AFC4595D901A1,0A27746DC54162B7B0B9D48E490763B5
SRR11782855,2022-04-05 08:55:15,2020-05-13 08:57:37,35839298,10751789400,35839298,300,3933,,https://sra-downloadb.be-md.ncbi.nlm.nih.gov/sos9/sra-pub-zq-922/SRR011/11782/SRR11782855/SRR11782855.lite.1,SRX8335307,,RNA-Seq,cDNA,TRANSCRIPTOMIC,PAIRED,0,0,ILLUMINA,HiSeq X Ten,SRP261393,PRJNA632473,3,632473,SRS6654305,SAMN14910493,simple,7227,Drosophila melanogaster,GSM4550781,,,,,,,no,,,,,GEO,SRA1074989,,public,2663F5722260DAC5FD937E110D58FB8A,D7617EEE8AB2A890F866570351DE4CF4
SRR11782856,2022-04-05 08:55:15,2020-05-13 09:08:15,40554402,12166320600,40554402,300,4495,,https://sra-downloadb.be-md.ncbi.nlm.nih.gov/sos9/sra-pub-zq-922/SRR011/11782/SRR11782856/SRR11782856.lite.1,SRX8335308,,RNA-Seq,cDNA,TRANSCRIPTOMIC,PAIRED,0,0,ILLUMINA,HiSeq X Ten,SRP261393,PRJNA632473,3,632473,SRS6654306,SAMN14910492,simple,7227,Drosophila melanogaster,GSM4550782,,,,,,,no,,,,,GEO,SRA1074989,,public,779C67BEE16E15E3C8C68A85505E2E15,D6EB380BC63D6A2C612CF6AB42D0AE98
SRR11782857,2022-04-05 08:55:15,2020-05-13 08:50:14,35274663,10582398900,35274663,300,3923,,https://sra-downloadb.be-md.ncbi.nlm.nih.gov/sos9/sra-pub-zq-922/SRR011/11782/SRR11782857/SRR11782857.lite.1,SRX8335309,,RNA-Seq,cDNA,TRANSCRIPTOMIC,PAIRED,0,0,ILLUMINA,HiSeq X Ten,SRP261393,PRJNA632473,3,632473,SRS6654307,SAMN14910491,simple,7227,Drosophila melanogaster,GSM4550783,,,,,,,no,,,,,GEO,SRA1074989,,public,272ED100B0CB48EF76C07759DCB0140B,A302480C8996896BBD564A70D6788210
SRR11782858,2022-04-05 08:55:15,2020-05-13 09:04:24,37424429,11227328700,37424429,300,4292,,https://sra-downloadb.be-md.ncbi.nlm.nih.gov/sos9/sra-pub-zq-922/SRR011/11782/SRR11782858/SRR11782858.lite.1,SRX8335310,,RNA-Seq,cDNA,TRANSCRIPTOMIC,PAIRED,0,0,ILLUMINA,HiSeq X Ten,SRP261393,PRJNA632473,3,632473,SRS6654308,SAMN14910490,simple,7227,Drosophila melanogaster,GSM4550784,,,,,,,no,,,,,GEO,SRA1074989,,public,BB8825ADA8B993892057FACD905FD7BF,1F7D3ABE456ED9BB4CE257F23F5432E8
SRR11782859,2022-04-05 08:55:15,2020-05-13 08:57:49,36253033,10875909900,36253033,300,4135,,https://sra-downloadb.be-md.ncbi.nlm.nih.gov/sos9/sra-pub-zq-922/SRR011/11782/SRR11782859/SRR11782859.lite.1,SRX8335311,,RNA-Seq,cDNA,TRANSCRIPTOMIC,PAIRED,0,0,ILLUMINA,HiSeq X Ten,SRP261393,PRJNA632473,3,632473,SRS6654309,SAMN14910489,simple,7227,Drosophila melanogaster,GSM4550785,,,,,,,no,,,,,GEO,SRA1074989,,public,17637EA612B76EE1C00C1C577B23020E,F6D0BE9CDD4C295B63B5828859980BCB
SRR11782860,2022-04-05 08:55:15,2020-05-13 08:58:01,34733380,10420014000,34733380,300,3970,,https://sra-downloadb.be-md.ncbi.nlm.nih.gov/sos9/sra-pub-zq-922/SRR011/11782/SRR11782860/SRR11782860.lite.1,SRX8335312,,RNA-Seq,cDNA,TRANSCRIPTOMIC,PAIRED,0,0,ILLUMINA,HiSeq X Ten,SRP261393,PRJNA632473,3,632473,SRS6654310,SAMN14910513,simple,7227,Drosophila melanogaster,GSM4550786,,,,,,,no,,,,,GEO,SRA1074989,,public,96C4E37E5D499F9C4A002191194F8660,E78D6E130E3B6F08A8D3E61152139669
SRR11782861,2022-04-05 08:55:15,2020-05-13 09:03:29,38283729,11485118700,38283729,300,4390,,https://sra-downloadb.be-md.ncbi.nlm.nih.gov/sos9/sra-pub-zq-922/SRR011/11782/SRR11782861/SRR11782861.lite.1,SRX8335313,,RNA-Seq,cDNA,TRANSCRIPTOMIC,PAIRED,0,0,ILLUMINA,HiSeq X Ten,SRP261393,PRJNA632473,3,632473,SRS6654311,SAMN14910512,simple,7227,Drosophila melanogaster,GSM4550787,,,,,,,no,,,,,GEO,SRA1074989,,public,5DEAC8AEA9E0A4F46BCB801026DBAD2B,27B40B5CBB4F8523D5CAEAE0593F3969
SRR11782862,2022-04-05 08:55:15,2020-05-13 09:03:48,39579834,11873950200,39579834,300,4511,,https://sra-downloadb.be-md.ncbi.nlm.nih.gov/sos9/sra-pub-zq-922/SRR011/11782/SRR11782862/SRR11782862.lite.1,SRX8335314,,RNA-Seq,cDNA,TRANSCRIPTOMIC,PAIRED,0,0,ILLUMINA,HiSeq X Ten,SRP261393,PRJNA632473,3,632473,SRS6654312,SAMN14910511,simple,7227,Drosophila melanogaster,GSM4550788,,,,,,,no,,,,,GEO,SRA1074989,,public,E1594CE67752AEEC1EB521C7643AAA54,6BF7F9FB63F4CB108D6148B7E9552E67
SRR11782783,2022-04-05 08:55:14,2020-05-13 08:56:50,36811178,11043353400,36811178,300,4149,,https://sra-downloadb.be-md.ncbi.nlm.nih.gov/sos9/sra-pub-zq-922/SRR011/11782/SRR11782783/SRR11782783.lite.1,SRX8335235,,RNA-Seq,cDNA,TRANSCRIPTOMIC,PAIRED,0,0,ILLUMINA,HiSeq X Ten,SRP261393,PRJNA632473,3,632473,SRS6654233,SAMN14910447,simple,7227,Drosophila melanogaster,GSM4550709,,,,,,,no,,,,,GEO,SRA1074989,,public,C4EA848E6CC8B8DB5850A21EE72C8CBD,A04F5A3BDC55EA8797794D84324EF843
SRR11782784,2022-04-05 08:55:14,2020-05-13 08:57:00,32712281,9813684300,32712281,300,3645,,https://sra-downloadb.be-md.ncbi.nlm.nih.gov/sos9/sra-pub-zq-922/SRR011/11782/SRR11782784/SRR11782784.lite.1,SRX8335236,,RNA-Seq,cDNA,TRANSCRIPTOMIC,PAIRED,0,0,ILLUMINA,HiSeq X Ten,SRP261393,PRJNA632473,3,632473,SRS6654234,SAMN14910446,simple,7227,Drosophila melanogaster,GSM4550710,,,,,,,no,,,,,GEO,SRA1074989,,public,1C0965FB0670A0DF18D9BCC60B9DF055,3DC9F968B6AD32FA4CC0263E40A0905D
SRR11782785,2022-04-05 08:55:14,2020-05-13 08:49:36,38629709,11588912700,38629709,300,4413,,https://sra-downloadb.be-md.ncbi.nlm.nih.gov/sos9/sra-pub-zq-922/SRR011/11782/SRR11782785/SRR11782785.lite.1,SRX8335237,,RNA-Seq,cDNA,TRANSCRIPTOMIC,PAIRED,0,0,ILLUMINA,HiSeq X Ten,SRP261393,PRJNA632473,3,632473,SRS6654235,SAMN14910445,simple,7227,Drosophila melanogaster,GSM4550711,,,,,,,no,,,,,GEO,SRA1074989,,public,5B8C971196F2E6DC6E577CDEFA5A3133,8BD0A1FB68BC2E4654272016C88BF9F1
SRR11782786,2022-04-05 08:55:14,2020-05-13 08:59:20,35057676,10517302800,35057676,300,3939,,https://sra-downloadb.be-md.ncbi.nlm.nih.gov/sos9/sra-pub-zq-922/SRR011/11782/SRR11782786/SRR11782786.lite.1,SRX8335238,,RNA-Seq,cDNA,TRANSCRIPTOMIC,PAIRED,0,0,ILLUMINA,HiSeq X Ten,SRP261393,PRJNA632473,3,632473,SRS6654236,SAMN14910444,simple,7227,Drosophila melanogaster,GSM4550712,,,,,,,no,,,,,GEO,SRA1074989,,public,DB95CC1886CE2D9A735254FA0A6B9AC5,3DC5967FC6678C0CADD781FAE7E0D65C
SRR11782787,2022-04-05 08:55:14,2020-05-13 08:53:06,33925455,10177636500,33925455,300,3858,,https://sra-downloadb.be-md.ncbi.nlm.nih.gov/sos9/sra-pub-zq-922/SRR011/11782/SRR11782787/SRR11782787.lite.1,SRX8335239,,RNA-Seq,cDNA,TRANSCRIPTOMIC,PAIRED,0,0,ILLUMINA,HiSeq X Ten,SRP261393,PRJNA632473,3,632473,SRS6654237,SAMN14910443,simple,7227,Drosophila melanogaster,GSM4550713,,,,,,,no,,,,,GEO,SRA1074989,,public,CE63186CA8209C60A20A84C358F4AB4E,3AEDD8CB2340ECE2A91A9B3C003CDE76
SRR11782788,2022-04-05 08:55:14,2020-05-13 08:48:30,32385245,9715573500,32385245,300,3669,,https://sra-downloadb.be-md.ncbi.nlm.nih.gov/sos9/sra-pub-zq-922/SRR011/11782/SRR11782788/SRR11782788.lite.1,SRX8335240,,RNA-Seq,cDNA,TRANSCRIPTOMIC,PAIRED,0,0,ILLUMINA,HiSeq X Ten,SRP261393,PRJNA632473,3,632473,SRS6654238,SAMN14910442,simple,7227,Drosophila melanogaster,GSM4550714,,,,,,,no,,,,,GEO,SRA1074989,,public,CCA5936C21EC40396F986A76590790ED,C3732074CD3CE16AC7FD6BEB97481EC0
SRR11782789,2022-04-05 08:55:14,2020-05-13 08:53:42,36763921,11029176300,36763921,300,4177,,https://sra-downloadb.be-md.ncbi.nlm.nih.gov/sos9/sra-pub-zq-922/SRR011/11782/SRR11782789/SRR11782789.lite.1,SRX8335241,,RNA-Seq,cDNA,TRANSCRIPTOMIC,PAIRED,0,0,ILLUMINA,HiSeq X Ten,SRP261393,PRJNA632473,3,632473,SRS6654239,SAMN14910441,simple,7227,Drosophila melanogaster,GSM4550715,,,,,,,no,,,,,GEO,SRA1074989,,public,87062DEFD3B30C1D17D04B3F4FE2340A,E1DA20A605167B7FB1E980D738440E46
SRR11782790,2022-04-05 08:55:14,2020-05-13 08:54:05,36070108,10821032400,36070108,300,4089,,https://sra-downloadb.be-md.ncbi.nlm.nih.gov/sos9/sra-pub-zq-922/SRR011/11782/SRR11782790/SRR11782790.lite.1,SRX8335242,,RNA-Seq,cDNA,TRANSCRIPTOMIC,PAIRED,0,0,ILLUMINA,HiSeq X Ten,SRP261393,PRJNA632473,3,632473,SRS6654240,SAMN14910440,simple,7227,Drosophila melanogaster,GSM4550716,,,,,,,no,,,,,GEO,SRA1074989,,public,B0BFAF0043CB32C8C6AA732CBAE09EAA,3193A839BF955227A67B61431F763303
SRR11782791,2022-04-05 08:55:14,2020-05-13 08:49:50,29989126,8996737800,29989126,300,3400,,https://sra-downloadb.be-md.ncbi.nlm.nih.gov/sos9/sra-pub-zq-922/SRR011/11782/SRR11782791/SRR11782791.lite.1,SRX8335243,,RNA-Seq,cDNA,TRANSCRIPTOMIC,PAIRED,0,0,ILLUMINA,HiSeq X Ten,SRP261393,PRJNA632473,3,632473,SRS6654241,SAMN14910439,simple,7227,Drosophila melanogaster,GSM4550717,,,,,,,no,,,,,GEO,SRA1074989,,public,8524850B788FA5857A39988DC02C4A52,0CB1C2001B1C2BB638D47D5A43ACAE6C
SRR11782792,2022-04-05 08:55:14,2020-05-13 08:51:41,31649892,9494967600,31649892,300,3570,,https://sra-downloadb.be-md.ncbi.nlm.nih.gov/sos9/sra-pub-zq-922/SRR011/11782/SRR11782792/SRR11782792.lite.1,SRX8335244,,RNA-Seq,cDNA,TRANSCRIPTOMIC,PAIRED,0,0,ILLUMINA,HiSeq X Ten,SRP261393,PRJNA632473,3,632473,SRS6654242,SAMN14910438,simple,7227,Drosophila melanogaster,GSM4550718,,,,,,,no,,,,,GEO,SRA1074989,,public,7F919AFEAE8B61099038E03568D69334,ED7AADFD04BB0A9803987E2F5A0A915F
SRR11782793,2022-04-05 08:55:14,2020-05-13 08:48:04,34123151,10236945300,34123151,300,3875,,https://sra-downloadb.be-md.ncbi.nlm.nih.gov/sos9/sra-pub-zq-922/SRR011/11782/SRR11782793/SRR11782793.lite.1,SRX8335245,,RNA-Seq,cDNA,TRANSCRIPTOMIC,PAIRED,0,0,ILLUMINA,HiSeq X Ten,SRP261393,PRJNA632473,3,632473,SRS6654243,SAMN14910437,simple,7227,Drosophila melanogaster,GSM4550719,,,,,,,no,,,,,GEO,SRA1074989,,public,AB04372D5C57982636D0AE6859029EAC,4935ED8420D8F30387D1C94AC859496D
SRR11782794,2022-04-05 08:55:14,2020-05-13 09:20:45,32269914,9680974200,32269914,300,3658,,https://sra-downloadb.be-md.ncbi.nlm.nih.gov/sos9/sra-pub-zq-922/SRR011/11782/SRR11782794/SRR11782794.lite.1,SRX8335246,,RNA-Seq,cDNA,TRANSCRIPTOMIC,PAIRED,0,0,ILLUMINA,HiSeq X Ten,SRP261393,PRJNA632473,3,632473,SRS6654244,SAMN14910436,simple,7227,Drosophila melanogaster,GSM4550720,,,,,,,no,,,,,GEO,SRA1074989,,public,15524BEB73182C360288F13BDEFD2569,D993B0BC9E53C631C96B10659EFB3BBE
SRR11782795,2022-04-05 08:55:14,2020-05-13 09:12:12,32860660,9858198000,32860660,300,3754,,https://sra-downloadb.be-md.ncbi.nlm.nih.gov/sos9/sra-pub-zq-922/SRR011/11782/SRR11782795/SRR11782795.lite.1,SRX8335247,,RNA-Seq,cDNA,TRANSCRIPTOMIC,PAIRED,0,0,ILLUMINA,HiSeq X Ten,SRP261393,PRJNA632473,3,632473,SRS6654245,SAMN14910435,simple,7227,Drosophila melanogaster,GSM4550721,,,,,,,no,,,,,GEO,SRA1074989,,public,EFC6780AEE6D61B4AEC08771CE479133,053BDDAC504E36E558168538159DA6C2
SRR11782796,2022-04-05 08:55:14,2020-05-13 08:49:03,31642947,9492884100,31642947,300,3578,,https://sra-downloadb.be-md.ncbi.nlm.nih.gov/sos9/sra-pub-zq-922/SRR011/11782/SRR11782796/SRR11782796.lite.1,SRX8335248,,RNA-Seq,cDNA,TRANSCRIPTOMIC,PAIRED,0,0,ILLUMINA,HiSeq X Ten,SRP261393,PRJNA632473,3,632473,SRS6654246,SAMN14910434,simple,7227,Drosophila melanogaster,GSM4550722,,,,,,,no,,,,,GEO,SRA1074989,,public,1F91B2AC6D3B0DCD1654E6155E0FD403,D7B220ADB41864EA45C351E15E32F10C
SRR11782797,2022-04-05 08:55:14,2020-05-13 08:50:07,31415103,9424530900,31415103,300,3554,,https://sra-downloadb.be-md.ncbi.nlm.nih.gov/sos9/sra-pub-zq-922/SRR011/11782/SRR11782797/SRR11782797.lite.1,SRX8335249,,RNA-Seq,cDNA,TRANSCRIPTOMIC,PAIRED,0,0,ILLUMINA,HiSeq X Ten,SRP261393,PRJNA632473,3,632473,SRS6654247,SAMN14910467,simple,7227,Drosophila melanogaster,GSM4550723,,,,,,,no,,,,,GEO,SRA1074989,,public,677B69A6C3A640B827BB0D93211B9664,99FD6370853C1847528F90817146967F
SRR11782798,2022-04-05 08:55:14,2020-05-13 08:51:30,33243779,9973133700,33243779,300,3756,,https://sra-downloadb.be-md.ncbi.nlm.nih.gov/sos9/sra-pub-zq-922/SRR011/11782/SRR11782798/SRR11782798.lite.1,SRX8335250,,RNA-Seq,cDNA,TRANSCRIPTOMIC,PAIRED,0,0,ILLUMINA,HiSeq X Ten,SRP261393,PRJNA632473,3,632473,SRS6654248,SAMN14910466,simple,7227,Drosophila melanogaster,GSM4550724,,,,,,,no,,,,,GEO,SRA1074989,,public,73D202E72A92691EEC0943069B0DE3BA,8CA49AEA6CE6AF9D70403D58B140F22F
SRR11782799,2022-04-05 08:55:14,2020-05-13 08:59:26,37893445,11368033500,37893445,300,4128,,https://sra-downloadb.be-md.ncbi.nlm.nih.gov/sos9/sra-pub-zq-922/SRR011/11782/SRR11782799/SRR11782799.lite.1,SRX8335251,,RNA-Seq,cDNA,TRANSCRIPTOMIC,PAIRED,0,0,ILLUMINA,HiSeq X Ten,SRP261393,PRJNA632473,3,632473,SRS6654249,SAMN14910465,simple,7227,Drosophila melanogaster,GSM4550725,,,,,,,no,,,,,GEO,SRA1074989,,public,4CE3C779F3CCF9366D8D4601F2A2612F,9F0E25F3C7FE125675D43994438F4C33
SRR11782800,2022-04-05 08:55:14,2020-05-13 08:48:46,32321145,9696343500,32321145,300,3660,,https://sra-downloadb.be-md.ncbi.nlm.nih.gov/sos9/sra-pub-zq-922/SRR011/11782/SRR11782800/SRR11782800.lite.1,SRX8335252,,RNA-Seq,cDNA,TRANSCRIPTOMIC,PAIRED,0,0,ILLUMINA,HiSeq X Ten,SRP261393,PRJNA632473,3,632473,SRS6654250,SAMN14910464,simple,7227,Drosophila melanogaster,GSM4550726,,,,,,,no,,,,,GEO,SRA1074989,,public,84BBC2542AB225A2C0CA10E3263171D6,AA876086E77069B1D6FC37D2502EDDA2
SRR11782801,2022-04-05 08:55:14,2020-05-13 08:44:56,33453589,10036076700,33453589,300,3762,,https://sra-downloadb.be-md.ncbi.nlm.nih.gov/sos9/sra-pub-zq-922/SRR011/11782/SRR11782801/SRR11782801.lite.1,SRX8335253,,RNA-Seq,cDNA,TRANSCRIPTOMIC,PAIRED,0,0,ILLUMINA,HiSeq X Ten,SRP261393,PRJNA632473,3,632473,SRS6654251,SAMN14910463,simple,7227,Drosophila melanogaster,GSM4550727,,,,,,,no,,,,,GEO,SRA1074989,,public,26CBCF2E7FDC6EB615614491DEB2226E,BA137FF3FA54F4E694B491D0FCEA9F11
SRR11782802,2022-04-05 08:55:14,2020-05-13 08:51:59,36567960,10970388000,36567960,300,4168,,https://sra-downloadb.be-md.ncbi.nlm.nih.gov/sos9/sra-pub-zq-922/SRR011/11782/SRR11782802/SRR11782802.lite.1,SRX8335254,,RNA-Seq,cDNA,TRANSCRIPTOMIC,PAIRED,0,0,ILLUMINA,HiSeq X Ten,SRP261393,PRJNA632473,3,632473,SRS6654252,SAMN14910462,simple,7227,Drosophila melanogaster,GSM4550728,,,,,,,no,,,,,GEO,SRA1074989,,public,2DF6198C0C0CE1E04902634F5A8ABE43,17B42E4811F747E922F529B4FB6BB4FE
